<?xml version="1.0" encoding="UTF-8"?>
<project-private xmlns="http://www.netbeans.org/ns/project-private/1">
    <editor-bookmarks xmlns="http://www.netbeans.org/ns/editor-bookmarks/2" lastBookmarkId="0"/>
    <open-files xmlns="http://www.netbeans.org/ns/projectui-open-files/2">
        <group>
            <file>file:/C:/xampp/htdocs/SelfCreationBDS/view.php</file>
            <file>file:/C:/xampp/htdocs/SelfCreationBDS/styles.css</file>
            <file>file:/C:/xampp/htdocs/SelfCreationBDS/index.php</file>
            <file>file:/C:/xampp/htdocs/SelfCreationBDS/bulk_insert.php</file>
            <file>file:/C:/xampp/htdocs/SelfCreationBDS/db.php</file>
            <file>file:/C:/xampp/htdocs/SelfCreationBDS/insert.php</file>
            <file>file:/C:/xampp/htdocs/SelfCreationBDS/delete.php</file>
            <file>file:/C:/xampp/htdocs/SelfCreationBDS/update.php</file>
        </group>
    </open-files>
</project-private>
